{
  "project_info": {
    "project_number": "253751158960",
    "firebase_url": "https://smartmechanic-b7c92.firebaseio.com",
    "project_id": "smartmechanic-b7c92",
    "storage_bucket": "smartmechanic-b7c92.appspot.com"
  },
  "client": [
    {
      "client_info": {
        "mobilesdk_app_id": "1:253751158960:android:24648044412f75ff",
        "android_client_info": {
          "package_name": "com.example.smartmechanic"
        }
      },
      "oauth_client": [
        {
          "client_id": "253751158960-vbvbgfh64ihhln44snn8hkvkedk5kt1b.apps.googleusercontent.com",
          "client_type": 1,
          "android_info": {
            "package_name": "com.example.smartmechanic",
            "certificate_hash": "43ad9aa804b44fd77cb5c76fc3ddbafaf9fdaec7"
          }
        },
        {
          "client_id": "253751158960-9vspdqlg66kuih2ak91mshsedrt2uhk8.apps.googleusercontent.com",
          "client_type": 3
        }
      ],
      "api_key": [
        {
          "current_key": "AIzaSyC8XGzhA954krSOQGK70M9i10ZzaBNlz8M"
        }
      ],
      "services": {
        "appinvite_service": {
          "other_platform_oauth_client": [
            {
              "client_id": "253751158960-9vspdqlg66kuih2ak91mshsedrt2uhk8.apps.googleusercontent.com",
              "client_type": 3
            }
          ]
        }
      }
    }
  ],
  "configuration_version": "1"
}